{"cameraMode":{"drawMode":0,"name":"Shaded","section":"Shading Mode"},"sceneLighting":false,"audioPlay":false,"sceneViewState":{"m_AlwaysRefresh":false,"showFog":true,"showSkybox":false,"showFlares":true,"showImageEffects":true,"showParticleSystems":true,"showVisualEffectGraphs":true,"m_FxEnabled":true},"in2DMode":false,"pivot":{"x":30.34457778930664,"y":0.8366687297821045,"z":41.014625549316409},"rotation":{"x":0.1705329418182373,"y":-0.07677261531352997,"z":0.01332858670502901,"w":0.9822671413421631},"size":11.165072441101075,"orthographic":false}