{"cameraMode":{"drawMode":0,"name":"Shaded","section":"Shading Mode"},"sceneLighting":false,"audioPlay":false,"sceneViewState":{"m_AlwaysRefresh":false,"showFog":true,"showSkybox":false,"showFlares":true,"showImageEffects":true,"showParticleSystems":true,"showVisualEffectGraphs":true,"m_FxEnabled":true},"in2DMode":false,"pivot":{"x":0.15732574462890626,"y":-0.6758275032043457,"z":0.3762550354003906},"rotation":{"x":0.038863226771354678,"y":0.9453557133674622,"z":-0.12263195961713791,"w":0.2995936870574951},"size":2.3942902088165285,"orthographic":false}